{
  "meta": {
    "generated_at": "2026-02-15 05:21:13",
    "case": "asian_heston",
    "scheme": "qe_torch",
    "device": "cuda",
    "dtype": "float32",
    "N": 262144,
    "R": 64,
    "batch": 65536,
    "wall_time_sec": 154.2030384540558,
    "params": {
      "S0": 100.0,
      "v0": 0.04,
      "r": 0.03,
      "kappa": 2.0,
      "theta": 0.04,
      "xi": 0.5,
      "rho": -0.7,
      "T": 1.0,
      "n_steps": 256,
      "K": 100.0
    }
  },
  "reference": {
    "value": 5.103294609114528,
    "std_across_replications": 0.0035282244967843874,
    "replications": [
      5.1065568923950195,
      5.103453636169434,
      5.102539658546448,
      5.09839141368866,
      5.104324579238892,
      5.095119595527649,
      5.106974482536316,
      5.1024980545043945,
      5.106435537338257,
      5.106383562088013,
      5.102126359939575,
      5.102638363838196,
      5.1029051542282104,
      5.111537456512451,
      5.100209593772888,
      5.099984765052795,
      5.110462188720703,
      5.104533314704895,
      5.102167010307312,
      5.102076053619385,
      5.105984330177307,
      5.099657654762268,
      5.1066389083862305,
      5.104939699172974,
      5.101991653442383,
      5.105028033256531,
      5.105332136154175,
      5.10393500328064,
      5.109232544898987,
      5.106713056564331,
      5.10256040096283,
      5.104154348373413,
      5.111931085586548,
      5.0973522663116455,
      5.100448489189148,
      5.098720669746399,
      5.102544903755188,
      5.104439377784729,
      5.101414084434509,
      5.103303670883179,
      5.101642608642578,
      5.098268628120422,
      5.108026027679443,
      5.101596236228943,
      5.105057239532471,
      5.103855013847351,
      5.101099491119385,
      5.1036059856414795,
      5.109078645706177,
      5.106849789619446,
      5.106597304344177,
      5.099579811096191,
      5.102157711982727,
      5.098450183868408,
      5.107026219367981,
      5.097805857658386,
      5.101234555244446,
      5.1023746728897095,
      5.0981597900390625,
      5.1027843952178955,
      5.100991129875183,
      5.1061835289001465,
      5.099420428276062,
      5.101369738578796
    ]
  }
}